SOFA_score,Respiration_score,Coagulation_score,Liver_score,Cardiovascular_score,CNS_score,Renal_score,CRP,Temperature,WBC,SO2,Pao2,Respiratory_rate,Heart_rate,Lactate,Systolic_ABP,BUN,Creatinine,ALT,AST,Bilirubin,GCS,Hemoglobin,INR,Platelet,Chloride,Glucose,Sodium,BMI,Age
0.022618493868915086,0.012348954546598994,0.0010775551572107316,0.010519353585017497,0.06422282329636388,0.08306658977391453,0.005919005080036955,0.15358585999215138,0.0557032402083367,0.00401330953270979,0.03524695102839921,0.04803090352031523,0.03937033944721933,0.04895824544319259,0.037019202045941085,0.017576008133947205,0.024988819580773775,0.03232322504122854,0.029915850072366697,0.03532903811294568,0.017328125205537285,0.08689766177347631,0.0007083577673787733,0.02173445462130967,0.010156499048344467,0.011807310854756841,0.010597085803947479,0.004158054557149975,0.07255544940122599,0.002223233499288118
