SOFA_score,Respiration_score,Coagulation_score,Liver_score,Cardiovascular_score,CNS_score,Renal_score,CRP,Temperature,WBC,SO2,Pao2,Respiratory_rate,Heart_rate,Lactate,Systolic_ABP,BUN,Creatinine,ALT,AST,Bilirubin,GCS,Hemoglobin,INR,Platelet,Chloride,Glucose,Sodium,BMI,Age
0.053989421776859295,0.023002637629444336,0.006373930511832747,0.01791835113938692,0.0533985310583063,0.12728933208976137,0.011654726317599102,0.06261034348364358,0.008715464599415287,0.009404144902717224,0.028195733122719575,0.042785498408685535,0.041021819519677004,0.03565585616010233,0.02633390403032743,0.004978913530453037,0.028279390312277608,0.03896823638827931,0.03803402811387477,0.05138368318493577,0.020504593154142405,0.12732508335686443,0.004644335226187792,0.016541335224161062,0.016726302358728577,0.032012947348380484,0.03330299605253458,0.006897733334867175,0.0288958077282661,0.003154919935569007
